{
	"displayName": "Fonctionnalités de langage TypeScript et JavaScript",
	"description": "Fournit une prise en charge riche de langage pour JavaScript et TypeScript.",
	"reloadProjects.title": "Recharger le projet",
	"configuration.typescript": "TypeScript",
	"typescript.useCodeSnippetsOnMethodSuggest.dec": "Fonctions complètes avec leur signature de paramètre.",
	"typescript.tsdk.desc": "Spécifie le chemin de dossier contenant les fichiers tsserver et lib*.d.ts à utiliser.",
	"typescript.disableAutomaticTypeAcquisition": "Désactive l'acquisition de type automatique. Nécessite TypeScript >= 2.0.6.",
	"typescript.tsserver.log": "Active la journalisation du serveur TS dans un fichier. Ce journal peut être utilisé pour diagnostiquer les problèmes du serveur TS. Il peut contenir des chemins de fichier, du code source et d'autres informations potentiellement sensibles de votre projet.",
	"typescript.tsserver.pluginPaths": "Chemins d’accès supplémentaires pour découvrir les plugins de Service de langage Typescript. Nécessite TypeScript > = 2.3.0.",
	"typescript.tsserver.pluginPaths.item": "Un chemin absolu ou un chemin relatif. Le chemin d’accès relatif sera résolu en fonction des dossiers de l’espace de travail.",
	"typescript.tsserver.trace": "Active le traçage des messages envoyés au serveur TS. Cette trace peut être utilisée pour diagnostiquer les problèmes du serveur TS. Elle peut contenir des chemins de fichier, du code source et d'autres informations potentiellement sensibles de votre projet.",
	"typescript.validate.enable": "Activez/désactivez la validation TypeScript.",
	"typescript.format.enable": "Activez/désactivez le formateur TypeScript par défaut.",
	"javascript.format.enable": "Activez/désactivez le formateur JavaScript par défaut.",
	"format.insertSpaceAfterCommaDelimiter": "Définit le traitement des espaces après une virgule de délimitation.",
	"format.insertSpaceAfterConstructor": "Définit le traitement des espaces après le mot clé constructor. Nécessite TypeScript >= 2.3.0.",
	"format.insertSpaceAfterSemicolonInForStatements": " Définit le traitement des espaces après un point-virgule dans une instruction for.",
	"format.insertSpaceBeforeAndAfterBinaryOperators": "Définit le traitement des espaces après un opérateur binaire.",
	"format.insertSpaceAfterKeywordsInControlFlowStatements": "Définit la gestion des espaces après les mots clés dans une instruction de flux de contrôle.",
	"format.insertSpaceAfterFunctionKeywordForAnonymousFunctions": "Définit le traitement des espaces après le mot clé function pour les fonctions anonymes.",
	"format.insertSpaceBeforeFunctionParenthesis": "Définit la gestion des espaces avant les parenthèses des arguments d'une fonction. Nécessite TypeScript >= 2.1.5.",
	"format.insertSpaceAfterOpeningAndBeforeClosingNonemptyParenthesis": "Définit l’espace après ouverture et avant la fermeture de parenthèses non vides.",
	"format.insertSpaceAfterOpeningAndBeforeClosingNonemptyBrackets": "Définit l’espace après ouverture et avant la fermeture de crochets non vides.",
	"format.insertSpaceAfterOpeningAndBeforeClosingNonemptyBraces": "Définit l’espace après ouverture et avant la fermeture d'accolades non vides. Nécessite le TypeScript >= 2.3.0.",
	"format.insertSpaceAfterOpeningAndBeforeClosingTemplateStringBraces": "Définit la gestion de l'espace après l'ouverture et avant la fermeture des accolades de la chaîne de modèle. Nécessite TypeScript >= 2.0.6.",
	"format.insertSpaceAfterOpeningAndBeforeClosingJsxExpressionBraces": "Définit la gestion de l'espace après l'ouverture et avant la fermeture des accolades de l'expression JSX. Nécessite TypeScript >= 2.0.6.",
	"format.insertSpaceAfterTypeAssertion": "Définit le traitement des espaces après les assertions de type dans TypeScript. Nécessite TypeScript >= 2.4.",
	"format.placeOpenBraceOnNewLineForFunctions": "Définit si une accolade ouvrante dans une fonction est placée ou non sur une nouvelle ligne.",
	"format.placeOpenBraceOnNewLineForControlBlocks": "Définit si une accolade ouvrante dans un bloc de contrôle est placée ou non sur une nouvelle ligne.",
	"javascript.validate.enable": "Activez/désactivez la validation JavaScript.",
	"goToProjectConfig.title": "Accéder à la configuration du projet",
	"javascript.referencesCodeLens.enabled": "Activez/désactivez les références CodeLens dans les fichiers JavaScript.",
	"typescript.referencesCodeLens.enabled": "Activez/désactivez les références CodeLens dans les fichiers TypeScript. Nécessite TypeScript >= 2.0.6.",
	"typescript.implementationsCodeLens.enabled": "Activer/désactiver CodeLens dans les implémentations. Nécessite TypeScript >= 2.2.0.",
	"typescript.openTsServerLog.title": "Ouvrir le journal du serveur TS",
	"typescript.restartTsServer": "Redémarrer le serveur TS",
	"typescript.selectTypeScriptVersion.title": "Sélectionner la version de TypeScript",
	"typescript.reportStyleChecksAsWarnings": "Rapporter les vérifications de style comme des avertissements",
	"jsDocCompletion.enabled": "Activer/désactiver les commentaires JSDoc automatiques",
	"javascript.implicitProjectConfig.checkJs": "Activez/désactivez la vérification sémantique des fichiers JavaScript. Les fichiers jsconfig.json ou tsconfig.json existants remplacent ce paramètre. Nécessite TypeScript >= 2.3.1.",
	"typescript.npm": "Spécifie le chemin de l'exécutable NPM utilisé pour l'acquisition de type automatique. Nécessite TypeScript >= 2.3.4.",
	"typescript.check.npmIsInstalled": "Vérifie si NPM est installé pour l'acquisition de type automatique.",
	"javascript.nameSuggestions": "Activez/désactivez l'inclusion de noms uniques à partir du fichier dans les listes de suggestions JavaScript.",
	"typescript.tsc.autoDetect": "Contrôle la détection automatique des tâches tsc. 'off' désactive cette fonctionnalité. 'build' crée uniquement des tâches de compilation à exécution unique. 'watch' crée uniquement des tâches de compilation et de watch. 'on' crée les deux les tâches build et watch. La valeur par défaut est 'on'.",
	"typescript.problemMatchers.tsc.label": "Problèmes liés à TypeScript",
	"typescript.problemMatchers.tscWatch.label": "Problèmes liés à TypeScript (mode espion)",
	"typescript.quickSuggestionsForPaths": "Activer/désactiver les suggestions rapides lorsque vous saisissez un chemin d’import.",
	"typescript.locale": "Définit les paramètres régionaux utilisés pour signaler les erreurs JavaScript et TypeScript. Nécessite TypeScript >= 2.6.0. La valeur par défaut 'null' utilise les paramètres régionaux de VS Code.",
	"javascript.implicitProjectConfig.experimentalDecorators": "Activez/désactivez 'experimentalDecorators' pour les fichiers JavaScript qui n'appartiennent pas à un projet. Les fichiers jsconfig.json ou tsconfig.json existants remplacent ce paramètre. Nécessite TypeScript >= 2.3.1.",
	"typescript.autoImportSuggestions.enabled": "Activez/désactivez les suggestions d'importation automatique. Nécessite TypeScript >= 2.6.1",
	"typescript.experimental.syntaxFolding": "Active/désactive les marqueurs de réduction en fonction de la syntaxe.",
	"taskDefinition.tsconfig.description": "Fichier tsconfig qui définit la build TS.",
	"javascript.suggestionActions.enabled": "Activer/désactiver le diagnostic de suggestion des fichiers JavaScript dans l’éditeur. Nécessite TypeScript > = 2.8",
	"typescript.suggestionActions.enabled": "Activez/désactivez le diagnostic des suggestions pour les fichiers TypeScript dans l'éditeur. Nécessite TypeScript >= 2.8",
	"typescript.preferences.quoteStyle": "Style de guillemet par défaut à utiliser pour les corrections rapides : 'single' pour les guillemets simples, 'double' pour les guillemets doubles ou 'auto' pour déduire le type de guillemet à partir des importations existantes. Nécessite TypeScript >= 2.9",
	"typescript.preferences.importModuleSpecifier": "Style de chemin par défaut pour les importations automatiques :\n- \"relative\" pour un chemin relatif à l'emplacement du fichier.\n- \"non-relative\" pour un chemin non relatif basé sur la valeur de 'baseUrl' configurée dans votre fichier 'jsconfig.json' / 'tsconfig.json'.\n- \"auto\" pour déduire automatiquement le type de chemin le plus court.\nNécessite TypeScript >= 2.9",
	"typescript.showUnused": "Activez/désactivez la mise en surbrillance des variables inutilisées dans le code. Nécessite TypeScript >= 2.9",
	"typescript.updateImportsOnFileMove.enabled": "Activez/désactivez la mise à jour automatique des chemins d'importation quand vous renommez ou déplacez un fichier dans VS Code. Les valeurs possibles sont : 'prompt' pour demander confirmation à chaque renommage, 'always' pour toujours mettre à jour les chemins automatiquement et 'never' pour ne jamais renommer les chemins et ne pas demander confirmation. Nécessite TypeScript >= 2.9"
}