{
	"displayName": "TypeScript and JavaScript Language Features",
	"description": "Provides rich language support for JavaScript and TypeScript.",
	"reloadProjects.title": "Reload Project",
	"configuration.typescript": "TypeScript",
	"typescript.useCodeSnippetsOnMethodSuggest.dec": "Complete functions with their parameter signature.",
	"typescript.tsdk.desc": "Specifies the folder path containing the tsserver and lib*.d.ts files to use.",
	"typescript.disableAutomaticTypeAcquisition": "Disables automatic type acquisition. Requires TypeScript >= 2.0.6.",
	"typescript.tsserver.log": "Enables logging of the TS server to a file. This log can be used to diagnose TS Server issues. The log may contain file paths, source code, and other potentially sensitive information from your project.",
	"typescript.tsserver.pluginPaths": "Additional paths to discover Typescript Language Service plugins. Requires TypeScript >= 2.3.0.",
	"typescript.tsserver.pluginPaths.item": "Either an absolute or relative path. Relative path will be resolved against workspace folder(s).",
	"typescript.tsserver.trace": "Enables tracing of messages sent to the TS server. This trace can be used to diagnose TS Server issues. The trace may contain file paths, source code, and other potentially sensitive information from your project.",
	"typescript.validate.enable": "Enable/disable TypeScript validation.",
	"typescript.format.enable": "Enable/disable default TypeScript formatter.",
	"javascript.format.enable": "Enable/disable default JavaScript formatter.",
	"format.insertSpaceAfterCommaDelimiter": "Defines space handling after a comma delimiter.",
	"format.insertSpaceAfterConstructor": "Defines space handling after the constructor keyword. Requires TypeScript >= 2.3.0.",
	"format.insertSpaceAfterSemicolonInForStatements": " Defines space handling after a semicolon in a for statement.",
	"format.insertSpaceBeforeAndAfterBinaryOperators": "Defines space handling after a binary operator.",
	"format.insertSpaceAfterKeywordsInControlFlowStatements": "Defines space handling after keywords in a control flow statement.",
	"format.insertSpaceAfterFunctionKeywordForAnonymousFunctions": "Defines space handling after function keyword for anonymous functions.",
	"format.insertSpaceBeforeFunctionParenthesis": "Defines space handling before function argument parentheses. Requires TypeScript >= 2.1.5.",
	"format.insertSpaceAfterOpeningAndBeforeClosingNonemptyParenthesis": "Defines space handling after opening and before closing non-empty parenthesis.",
	"format.insertSpaceAfterOpeningAndBeforeClosingNonemptyBrackets": "Defines space handling after opening and before closing non-empty brackets.",
	"format.insertSpaceAfterOpeningAndBeforeClosingNonemptyBraces": "Defines space handling after opening and before closing non-empty braces. Requires TypeScript >= 2.3.0.",
	"format.insertSpaceAfterOpeningAndBeforeClosingTemplateStringBraces": "Defines space handling after opening and before closing template string braces. Requires TypeScript >= 2.0.6.",
	"format.insertSpaceAfterOpeningAndBeforeClosingJsxExpressionBraces": "Defines space handling after opening and before closing JSX expression braces. Requires TypeScript >= 2.0.6.",
	"format.insertSpaceAfterTypeAssertion": "Defines space handling after type assertions in TypeScript. Requires TypeScript >= 2.4.",
	"format.placeOpenBraceOnNewLineForFunctions": "Defines whether an open brace is put onto a new line for functions or not.",
	"format.placeOpenBraceOnNewLineForControlBlocks": "Defines whether an open brace is put onto a new line for control blocks or not.",
	"javascript.validate.enable": "Enable/disable JavaScript validation.",
	"goToProjectConfig.title": "Go to Project Configuration",
	"javascript.referencesCodeLens.enabled": "Enable/disable references CodeLens in JavaScript files.",
	"typescript.referencesCodeLens.enabled": "Enable/disable references CodeLens in TypeScript files. Requires TypeScript >= 2.0.6.",
	"typescript.implementationsCodeLens.enabled": "Enable/disable implementations CodeLens. Requires TypeScript >= 2.2.0.",
	"typescript.openTsServerLog.title": "Open TS Server log",
	"typescript.restartTsServer": "Restart TS server",
	"typescript.selectTypeScriptVersion.title": "Select TypeScript Version",
	"typescript.reportStyleChecksAsWarnings": "Report style checks as warnings",
	"jsDocCompletion.enabled": "Enable/disable auto JSDoc comments",
	"javascript.implicitProjectConfig.checkJs": "Enable/disable semantic checking of JavaScript files. Existing jsconfig.json or tsconfig.json files override this setting. Requires TypeScript >= 2.3.1.",
	"typescript.npm": "Specifies the path to the NPM executable used for Automatic Type Acquisition. Requires TypeScript >= 2.3.4.",
	"typescript.check.npmIsInstalled": "Check if NPM is installed for Automatic Type Acquisition.",
	"javascript.nameSuggestions": "Enable/disable including unique names from the file in JavaScript suggestion lists.",
	"typescript.tsc.autoDetect": "Controls auto detection of tsc tasks. 'off' disables this feature. 'build' only creates single run compile tasks. 'watch' only creates compile and watch tasks. 'on' creates both build and watch tasks. Default is 'on'.",
	"typescript.problemMatchers.tsc.label": "TypeScript problems",
	"typescript.problemMatchers.tscWatch.label": "TypeScript problems (watch mode)",
	"typescript.quickSuggestionsForPaths": "Enable/disable quick suggestions when typing out an import path.",
	"typescript.locale": "Sets the locale used to report JavaScript and TypeScript errors. Requires TypeScript >= 2.6.0. Default of 'null' uses VS Code's locale.",
	"javascript.implicitProjectConfig.experimentalDecorators": "Enable/disable 'experimentalDecorators' for JavaScript files that are not part of a project. Existing jsconfig.json or tsconfig.json files override this setting. Requires TypeScript >= 2.3.1.",
	"typescript.autoImportSuggestions.enabled": "Enable/disable auto import suggestions. Requires TypeScript >= 2.6.1",
	"typescript.experimental.syntaxFolding": "Enables/disables syntax aware folding markers.",
	"taskDefinition.tsconfig.description": "The tsconfig file that defines the TS build.",
	"javascript.suggestionActions.enabled": "Enable/disable suggestion diagnostics for JavaScript files in the editor. Requires TypeScript >= 2.8",
	"typescript.suggestionActions.enabled": "Enable/disable suggestion diagnostics for TypeScript files in the editor. Requires TypeScript >= 2.8",
	"typescript.preferences.quoteStyle": "Preferred quote style to use for quick fixes: 'single' quotes, 'double' quotes, or 'auto' infer quote type from existing imports. Requires TypeScript >= 2.9",
	"typescript.preferences.importModuleSpecifier": "Preferred path style for auto imports:\n- \"relative\" to the file location.\n- \"non-relative\" based on the 'baseUrl' configured in your 'jsconfig.json' / 'tsconfig.json'.\n- \"auto\" infer the shortest path type.\nRequires TypeScript >= 2.9",
	"typescript.showUnused": "Enable/disable highlighting of unused variables in code. Requires TypeScript >= 2.9",
	"typescript.updateImportsOnFileMove.enabled": "Enable/disable automatic updating of import paths when you rename or move a file in VS Code. Possible values are: 'prompt' on each rename, 'always' update paths automatically, and 'never' rename paths and don't prompt me. Requires TypeScript >= 2.9"
}