{
	"displayName": "Funzionalità dei linguaggi TypeScript e JavaScript",
	"description": "Fornisce un supporto avanzato per JavaScript e TypeScript",
	"reloadProjects.title": "Ricarica progetto",
	"configuration.typescript": "TypeScript",
	"typescript.useCodeSnippetsOnMethodSuggest.dec": "Completare le funzioni con la relativa firma del parametro.",
	"typescript.tsdk.desc": "Specifica il percorso della cartella che contiene i file tsserver e lib*.d.ts da usare.",
	"typescript.disableAutomaticTypeAcquisition": "Disabilita l'acquisizione automatica del tipo. Richiede TypeScript >= 2.0.6.",
	"typescript.tsserver.log": "Abilita la registrazione del server TypeScript in un file. Questo registro può essere utilizzato per diagnosticare problemi del server TypeScript. Il registro può contenere percorsi di file, codice sorgente e altre informazioni del progetto potenzialmente riservate. ",
	"typescript.tsserver.pluginPaths": "Percorsi aggiuntivi per rilevare la presenza di plug-in del servizio di linguaggio Typescript. Richiede TypeScript >= 2.3.0.",
	"typescript.tsserver.pluginPaths.item": "Percorso assoluto o relativo. Il percorso relativo verrà risolto in base alle cartelle dell'area di lavoro.",
	"typescript.tsserver.trace": "Abilita la traccia dei messaggi inviati al server TypeScript. Questa traccia può essere utilizzata per diagnosticare problemi del server TypeScript. La traccia può contenere percorsi di file, codice sorgente e altre informazioni del progetto potenzialmente riservate.",
	"typescript.validate.enable": "Abilita/Disabilita la convalida TypeScript.",
	"typescript.format.enable": "Abilita/Disabilita il formattatore TypeScript predefinito.",
	"javascript.format.enable": "Abilita/Disabilita il formattatore JavaScript predefinito.",
	"format.insertSpaceAfterCommaDelimiter": "Consente di definire la gestione dello spazio dopo una virgola di delimitazione6",
	"format.insertSpaceAfterConstructor": "Definisce la gestione dello spazio dopo la parola chiave constructor. Richiede TypeScript >= 2.3.0.",
	"format.insertSpaceAfterSemicolonInForStatements": " Consente di definire la gestione dello spazio dopo un punto e virgola in un'istruzione for.",
	"format.insertSpaceBeforeAndAfterBinaryOperators": "Consente di definire la gestione dello spazio dopo un operatore binario.",
	"format.insertSpaceAfterKeywordsInControlFlowStatements": "Consente di definire la gestione dello spazio dopo le parole chiave in un'istruzione del flusso di controllo.",
	"format.insertSpaceAfterFunctionKeywordForAnonymousFunctions": "Consente di definire la gestione dello spazio dopo la parola chiave function per funzioni anonime.",
	"format.insertSpaceBeforeFunctionParenthesis": "Consente di definire la gestione dello spazio prima delle parentesi dell'argomento della funzione. Richiede TypeScript >= 2.1.5.",
	"format.insertSpaceAfterOpeningAndBeforeClosingNonemptyParenthesis": "Consente di definire la gestione dello spazio dopo le parentesi tonde di apertura e di chiusura non vuote.",
	"format.insertSpaceAfterOpeningAndBeforeClosingNonemptyBrackets": "Consente di definire la gestione dello spazio dopo le parentesi quadre di apertura e di chiusura non vuote.",
	"format.insertSpaceAfterOpeningAndBeforeClosingNonemptyBraces": "Consente di definire la gestione dello spazio dopo l'apertura e prima della chiusura di parentesi graffe non vuote. Richiede TypeScript >= 2.3.0.",
	"format.insertSpaceAfterOpeningAndBeforeClosingTemplateStringBraces": "Consente di definire la gestione dello spazio dopo la parentesi graffa iniziale e prima della parentesi graffa finale della stringa del modello. Richiede TypeScript >= 2.0.6",
	"format.insertSpaceAfterOpeningAndBeforeClosingJsxExpressionBraces": "Consente di definire la gestione dello spazio dopo la parentesi graffa iniziale e prima della parentesi graffa finale dell'espressione JSX. Richiede TypeScript >= 2.0.6",
	"format.insertSpaceAfterTypeAssertion": "Definisce la gestione dello spazio dopo le asserzioni di tipo in TypeScript. Richiede TypeScript >= 2.4.",
	"format.placeOpenBraceOnNewLineForFunctions": "Consente di definire se una parentesi graffa di apertura viene o meno inserita su una riga per le funzioni.",
	"format.placeOpenBraceOnNewLineForControlBlocks": "Consente di definire se una parentesi graffa di apertura viene o meno inserita su una riga per i blocchi di controllo.",
	"javascript.validate.enable": "Abilita/Disabilita la convalida JavaScript.",
	"goToProjectConfig.title": "Passa a Configurazione progetto",
	"javascript.referencesCodeLens.enabled": "Abilita/disabilita riferimenti CodeLens nei file JavaScript.",
	"typescript.referencesCodeLens.enabled": "Abilita/disabilita riferimenti CodeLens nei file TypeScript. Richiede TypeScript >= 2.0.6.",
	"typescript.implementationsCodeLens.enabled": "Abilita/Disabilita le finestre CodeLens per le implementazioni. Richiede una versione di TypeScript uguale o successiva alla 2.2.0.",
	"typescript.openTsServerLog.title": "Apri il log del server TypeScript",
	"typescript.restartTsServer": "Riavvia server TS",
	"typescript.selectTypeScriptVersion.title": "Seleziona la versione di TypeScript",
	"typescript.reportStyleChecksAsWarnings": "Evidenzia i controlli di stile come warning",
	"jsDocCompletion.enabled": "Abilita/Disabilita commenti automatici JSDoc",
	"javascript.implicitProjectConfig.checkJs": "Abilita/disabilita il controllo semantico di file JavaScript. File jsconfig.json o tsconfig.json esistenti sovrascrivono su questa impostazione. Richiede TypeScript >= 2.3.1.",
	"typescript.npm": "Specifica il percorso dell'eseguibile NPM utilizzato per l'acquisizione automatica delle definizioni di tipi. Richiede TypeScript >= 2.3.4.",
	"typescript.check.npmIsInstalled": "Controlla se NPM è installato per l'acquisizione automatica delle definizioni di tipi",
	"javascript.nameSuggestions": "Abilita/disabilita l'inclusione di nomi univoci dal file negli elenchi di suggerimento di JavaScript.",
	"typescript.tsc.autoDetect": "Controlla l'auto-rilevazione di attività di tsc. 'off' disabilita questa funzionalità. 'build' crea solo attività di singola compilazione esecuzione. 'watch' crea solo attività di compilazione e controllo. 'on' crea attività  sia di tipo 'build' che 'watch'. Il valore predefinito è 'on'.",
	"typescript.problemMatchers.tsc.label": "Problemi TypeScript",
	"typescript.problemMatchers.tscWatch.label": "Problemi TypeScript (modalità espressione di controllo)",
	"typescript.quickSuggestionsForPaths": "Abilita/disabilita i suggerimenti rapidi quando si digita un percorso di importazione.",
	"typescript.locale": "Consente di definire le impostazioni locail usate per segnalare errori JavaScript e TypeScript. Richiede TypeScript >= 2.6.0. Con l'impostazione predefinita 'null' vengono usate le impostazioni locali di VS Code.",
	"javascript.implicitProjectConfig.experimentalDecorators": "Abilita/disabilita gli elementi 'experimentalDecorators' per file JavaScript che non fanno parte di un progetto. I file jsconfig.json o tsconfig.json esistenti sovrascrivono questa impostazione. Richiede TypeScript >= 2.3.1.",
	"typescript.autoImportSuggestions.enabled": "Abilita/disabilita il suggerimento automatico per gli import. Richiede una versione di TypeScript >= 2.6.1",
	"typescript.experimental.syntaxFolding": "Abilita/disabilita i marcatori di folding con riconoscimento della sintassi.",
	"taskDefinition.tsconfig.description": "File tsconfig che definisce la compilazione TS.",
	"javascript.suggestionActions.enabled": "Abilita/disabilita la diagnostica dei suggerimenti per i file JavaScript nell'editor. Richiede TypeScript >= 2.8.",
	"typescript.suggestionActions.enabled": "Abilita/disabilita la diagnostica dei suggerimenti per i file TypeScript nell'editor. Richiede TypeScript >= 2.8.",
	"typescript.preferences.quoteStyle": "Stile di virgolette preferito da usare per le correzioni rapide. È possibile scegliere tra 'single', 'double' o 'auto' per derivare il tipo di virgolette dalle importazioni esistenti. Richiede TypeScript >= 2.9",
	"typescript.preferences.importModuleSpecifier": "Stile di percorso preferito per le importazioni automatiche:\n- \"relative\", ovvero relativo al percorso del file.\n- \"non-relative\", basato sull'elemento 'baseUrl' configurato in 'jsconfig.json' / 'tsconfig.json'.\n- \"auto\", per derivare il tipo di percorso più breve.\nRichiede TypeScript >= 2.9",
	"typescript.showUnused": "Abilita/disabilita l'evidenziazione delle variabili inutilizzate nel codice. Richiede TypeScript > = 2,9",
	"typescript.updateImportsOnFileMove.enabled": "Abilita/disabilita l'aggiornamento automatico dei percorsi di importazione quando si rinomina o si sposta un file in VS Code. I valori possibili sono: 'prompt', che chiede conferma per ogni ridenominazione, 'always', che aggiorna automaticamente i percorsi e 'never' che rinomina i percorsi senza chiedere conferma. Richiede TypeScript >= 2.9"
}