{
	"displayName": "JavaScript 和 TypeScript 的语言功能",
	"description": "为 JavaScript 和 TypeScript 提供丰富的语言支持。",
	"reloadProjects.title": "重载项目",
	"configuration.typescript": "TypeScript",
	"typescript.useCodeSnippetsOnMethodSuggest.dec": "完成函数的参数签名。",
	"typescript.tsdk.desc": "指定包含要使用的 tsserver 和 lib*.d.ts 文件的文件夹路径。",
	"typescript.disableAutomaticTypeAcquisition": "禁用自动获取类型。需要 TypeScript >= 2.0.6。",
	"typescript.tsserver.log": "将 TS 服务器的日志保存到一个文件。此日志可用于诊断 TS 服务器问题。日志可能包含你的项目中的文件路径、源代码和其他可能敏感的信息。",
	"typescript.tsserver.pluginPaths": "其他可搜索 TypeScript 语言服务插件的路径。需要 TypeScript >= 2.3.0。",
	"typescript.tsserver.pluginPaths.item": "相对或绝对路径。相对路径将根据工作区文件夹进行解析。",
	"typescript.tsserver.trace": "对发送到 TS 服务器的消息启用跟踪。此跟踪信息可用于诊断 TS 服务器问题。 跟踪信息可能包含你的项目中的文件路径、源代码和其他可能敏感的信息。",
	"typescript.validate.enable": "启用/禁用 TypeScript 验证。",
	"typescript.format.enable": "启用/禁用默认 TypeScript 格式化程序。",
	"javascript.format.enable": "启用/禁用 JavaScript 格式化程序。",
	"format.insertSpaceAfterCommaDelimiter": "定义逗号分隔符后面的空格处理。",
	"format.insertSpaceAfterConstructor": "定义构造器关键字后的空格处理。要求 TypeScript >= 2.3.0。",
	"format.insertSpaceAfterSemicolonInForStatements": "在 For 语句中，定义分号后面的空格处理。",
	"format.insertSpaceBeforeAndAfterBinaryOperators": "定义二进制运算符后面的空格处理",
	"format.insertSpaceAfterKeywordsInControlFlowStatements": "定义控制流语句中关键字后面的空格处理。",
	"format.insertSpaceAfterFunctionKeywordForAnonymousFunctions": "定义匿名函数的函数关键字后面的空格处理。",
	"format.insertSpaceBeforeFunctionParenthesis": "在函数参数括号前定义空格处理。需要 TypeScript >= 2.1.5。",
	"format.insertSpaceAfterOpeningAndBeforeClosingNonemptyParenthesis": "定义非空小括号的左括号后和右括号前的空格处理方式。",
	"format.insertSpaceAfterOpeningAndBeforeClosingNonemptyBrackets": "定义非空中括号的左括号后和右括号前的空格处理方式。",
	"format.insertSpaceAfterOpeningAndBeforeClosingNonemptyBraces": "定义非空大括号的左括号后和右括号前的空格处理方式。要求 TypeScript >= 2.3.0。",
	"format.insertSpaceAfterOpeningAndBeforeClosingTemplateStringBraces": "定义模板字符串的左括号后面和右括号前面的空格处理。要求 TypeScript >= 2.0.6。",
	"format.insertSpaceAfterOpeningAndBeforeClosingJsxExpressionBraces": "定义 JSX 表达式左括号后面和右括号前面的空格处理。要求 TypeScript >= 2.0.6。",
	"format.insertSpaceAfterTypeAssertion": "定义 TypeScript 中类型断言后的空格处理。要求 TypeScript >= 2.4。",
	"format.placeOpenBraceOnNewLineForFunctions": "定义函数的左大括号是否放置在新的一行。",
	"format.placeOpenBraceOnNewLineForControlBlocks": "定义控制块的左括号是否放置在新的一行。",
	"javascript.validate.enable": "启用/禁用 JavaScript 验证。",
	"goToProjectConfig.title": "转到项目配置",
	"javascript.referencesCodeLens.enabled": "启用/禁用在 JavaScript 文件中引用 CodeLens。",
	"typescript.referencesCodeLens.enabled": "启用/禁用在 TypeScript 文件中引用 CodeLens。要求 TypeScript >= 2.0.6。",
	"typescript.implementationsCodeLens.enabled": "启用/禁用实现 CodeLens。要求 TypeScript >= 2.2.0。",
	"typescript.openTsServerLog.title": "打开 TS 服务器日志",
	"typescript.restartTsServer": "重启 TS 服务器",
	"typescript.selectTypeScriptVersion.title": "选择 TypeScript 版本",
	"typescript.reportStyleChecksAsWarnings": "将风格检查问题报告为警告",
	"jsDocCompletion.enabled": "启用/禁用自动 JSDoc 注释",
	"javascript.implicitProjectConfig.checkJs": "启用或禁用 JavaScript 文件的语义检查。若有 jsconfig.json 或 tsconfig.json 文件，将覆盖此设置。要求 TypeScript >= 2.3.1。",
	"typescript.npm": "指定用于自动获取类型的 NPM 可执行文件的路径。要求 TypeScript >= 2.3.4。",
	"typescript.check.npmIsInstalled": "检查是否安装了 NPM 以自动获取类型。",
	"javascript.nameSuggestions": "启用/禁用在 JavaScript 建议列表中包含文件中的唯一名称。",
	"typescript.tsc.autoDetect": "控制 tsc 任务的自动检测。\"off\" 关闭此功能。\"build\" 仅创建单次运行编译任务。\"watch\" 仅创建编译及监视任务。\"on\" 创建构建及监视任务。默认值为 \"on\"。",
	"typescript.problemMatchers.tsc.label": "TypeScript 问题",
	"typescript.problemMatchers.tscWatch.label": "TypeScript 问题(观看模式)",
	"typescript.quickSuggestionsForPaths": "当输入导入路径时启用或禁用快速建议。",
	"typescript.locale": "设置在报告 JavaScript 和 TypeScript 错误时使用的区域设置。要求 TypeScript >= 2.6.0。默认 (\"null\") 将使用 VS Code 的区域设置。",
	"javascript.implicitProjectConfig.experimentalDecorators": "对不属于任何工程的 JavaScript 文件启用或禁用 \"experimentalDecorators\" 设置。若有 jsconfig.json 或 tsconfig.json 文件，将覆盖此设置。要求 TypeScript >= 2.3.1。",
	"typescript.autoImportSuggestions.enabled": "启用或禁用自动导入建议。要求 TypeScript >= 2.6.1",
	"typescript.experimental.syntaxFolding": "启用或禁用语法折叠标记。",
	"taskDefinition.tsconfig.description": "定义 TS 生成的 tsconfig 文件。",
	"javascript.suggestionActions.enabled": "在 JavaScript 文件中启用或禁用编辑器的建议诊断。需要 TypeScript >= 2.8",
	"typescript.suggestionActions.enabled": "在 TypeScript 文件中启用或禁用编辑器的建议诊断。要求 TypeScript >= 2.8",
	"typescript.preferences.quoteStyle": "用于快速修复的首选引用样式: \"single\" (单引号)、\"double\" (双引号) 或 \"auto\" (从已有 import 语句中推测引号类型)。要求 TypeScript >= 2.9",
	"typescript.preferences.importModuleSpecifier": "自动 import 语句中首选的路径类型:\n- \"relative\"，相对路径。\n- \"non-relative\"，根据 \"jsconfig.json\" 或 \"tsconfig.json\" 中设置的 \"baseUrl\" 的计算出的路径。\n- \"auto\"，推测最短路径类型。\n要求 TypeScript >= 2.9",
	"typescript.showUnused": "启用或禁用突出显示代码中未使用的变量。要求 TypeScript >= 2.9",
	"typescript.updateImportsOnFileMove.enabled": "在 VS Code 中重命名或移动文件时启用或禁用自动更新 import 语句的路径。可选值有: \"prompt\" (在每次重命名时提示)、\"always\" (始终自动更新路径) 和 \"never\" (从不重命名路径且不要提示)。要求 TypeScript >= 2.9"
}